image_id,diagnosis,mri_intensity_mean,mri_intensity_std,mri_intensity_variance,mri_intensity_skewness,mri_intensity_kurtosis,mri_intensity_entropy,mri_intensity_energy,mri_intensity_rms,mri_intensity_p10,mri_intensity_p90,mri_dynamic_range,mri_edge_density,mri_laplacian_sharpness,mri_foreground_ratio,mri_spatial_contrast,mri_spatial_homogeneity,mri_spatial_dissimilarity,mri_spatial_correlation,mri_glcm_energy,mri_hemispheric_symmetry,mri_high_freq_fourier_ratio,mri_compactness,mri_contrast_to_noise,mri_tissue_heterogeneity
Te-gl_1.jpg,1,0.259,0.2347,0.0551,0.6371,0.07,3.4451,0.1222,0.3495,0.0,0.5725,0.5725,0.3126,0.0109,0.6391,0.0048,0.9955,0.0323,0.9568,0.9913,0.885,0.2834,50.0,20.0,0.115
Te-gl_120.jpg,1,0.1278,0.1526,0.0233,1.2446,1.7124,2.5547,0.0396,0.1991,0.004,0.2857,0.2817,0.1584,0.0079,0.4537,0.0024,0.9977,0.0178,0.9486,0.9956,0.8912,0.317,50.0,20.0,0.049
Te-gl_142.jpg,1,0.2246,0.1912,0.0365,0.2649,-1.0824,3.5191,0.087,0.2949,0.0129,0.4635,0.4506,0.1914,0.0048,0.6006,0.0012,0.9988,0.0196,0.9834,0.9976,0.814,0.2909,50.0,20.0,0.0743
Te-gl_164.jpg,1,0.0912,0.1248,0.0156,1.6267,3.1704,2.3186,0.0239,0.1545,0.0,0.217,0.217,0.1234,0.0034,0.4032,0.0013,0.9988,0.0128,0.9595,0.9976,0.9424,0.2592,50.0,20.0,0.0324
Te-gl_186.jpg,1,0.1016,0.1506,0.0227,1.6501,2.6346,2.4113,0.033,0.1816,0.0,0.2789,0.2789,0.1421,0.0057,0.3621,0.0017,0.9984,0.0157,0.9627,0.9968,0.889,0.3085,50.0,20.0,0.047
Te-gl_207.jpg,1,0.2128,0.146,0.0213,0.3629,0.3779,3.4751,0.0666,0.2581,0.0163,0.3699,0.3537,0.2344,0.007,0.7341,0.0026,0.9975,0.0248,0.9401,0.9952,0.7899,0.2811,50.0,17.3218,0.0452
Te-gl_229.jpg,1,0.3081,0.2435,0.0593,0.2461,-0.7315,4.0134,0.1542,0.3927,0.0,0.6431,0.6431,0.3597,0.0108,0.7025,0.0046,0.9956,0.038,0.9611,0.9913,0.8504,0.2826,50.0,20.0,0.1232
Te-gl_250.jpg,1,0.1705,0.196,0.0384,0.8468,-0.2274,2.9388,0.0675,0.2598,0.0,0.4292,0.4292,0.1892,0.0065,0.4621,0.0024,0.9977,0.0207,0.9684,0.9954,0.9216,0.2713,50.0,20.0,0.0793
Te-gl_272.jpg,1,0.2561,0.1864,0.0347,0.5745,0.4419,4.0925,0.1003,0.3167,0.0,0.4921,0.4921,0.2966,0.0047,0.7764,0.0025,0.9976,0.0279,0.9643,0.9952,0.8401,0.1954,50.0,14.2334,0.072
Te-gl_294.jpg,1,0.0993,0.1363,0.0186,1.4925,2.1187,2.3621,0.0284,0.1687,0.0,0.2407,0.2407,0.1277,0.0033,0.39,0.0013,0.9987,0.0135,0.9646,0.9975,0.9344,0.2599,50.0,20.0,0.0385
Te-gl_315.jpg,1,0.1736,0.1807,0.0327,0.9249,0.4204,3.2476,0.0628,0.2506,0.008,0.38,0.372,0.196,0.0047,0.5202,0.0018,0.9983,0.0187,0.9723,0.9966,0.837,0.2258,50.0,20.0,0.0671
Te-gl_337.jpg,1,0.1603,0.1692,0.0286,1.2676,1.6893,3.2407,0.0543,0.2331,0.0165,0.3498,0.3333,0.1845,0.0038,0.5065,0.0014,0.9986,0.0174,0.9753,0.9973,0.7942,0.2242,50.0,20.0,0.0587
Te-gl_359.jpg,1,0.1422,0.18,0.0324,1.2954,1.2454,2.8228,0.0526,0.2294,0.0,0.371,0.371,0.1774,0.0051,0.4348,0.0025,0.9976,0.0198,0.9611,0.9953,0.8694,0.247,50.0,20.0,0.0673
Te-gl_380.jpg,1,0.1609,0.1954,0.0382,1.2439,1.4294,2.9186,0.0641,0.2531,0.0,0.376,0.376,0.1982,0.0082,0.4582,0.0031,0.9971,0.022,0.9593,0.9943,0.8812,0.2807,50.0,20.0,0.0795
Te-gl_41.jpg,1,0.1657,0.1723,0.0297,0.9797,0.7327,3.1613,0.0572,0.2391,0.0084,0.3724,0.364,0.1949,0.0061,0.514,0.0022,0.9979,0.0204,0.9633,0.9959,0.8214,0.2625,50.0,20.0,0.0616
Te-gl_63.jpg,1,0.1021,0.1345,0.0181,1.3055,1.8046,2.1786,0.0285,0.1689,0.0,0.2455,0.2455,0.124,0.0036,0.396,0.0015,0.9986,0.0136,0.9594,0.9972,0.9134,0.2565,50.0,20.0,0.0377
Te-gl_85.jpg,1,0.1291,0.1479,0.0219,1.1628,1.0871,3.0265,0.0385,0.1963,0.0,0.3068,0.3068,0.1576,0.0029,0.4773,0.0013,0.9988,0.0163,0.971,0.9975,0.8731,0.2289,50.0,14.8621,0.045
Te-aug-me_13.jpg,1,0.1822,0.1674,0.028,0.9245,1.105,3.4489,0.0612,0.2474,0.0079,0.3543,0.3465,0.2067,0.0043,0.6003,0.0017,0.9983,0.0198,0.9696,0.9967,0.773,0.2265,50.0,17.4061,0.0578
Te-aug-me_35.jpg,1,0.1453,0.1741,0.0303,1.227,0.849,3.0056,0.0514,0.2267,0.0,0.378,0.378,0.1907,0.0053,0.4666,0.0019,0.9981,0.0204,0.9682,0.9963,0.8713,0.2688,50.0,20.0,0.0625
Te-aug-me_57.jpg,1,0.1244,0.1743,0.0304,1.3509,1.4069,2.3585,0.0459,0.2142,0.0,0.3289,0.3289,0.1383,0.0032,0.3758,0.0016,0.9985,0.0134,0.9742,0.9971,0.9258,0.2085,50.0,20.0,0.0623
Te-aug-me_79.jpg,1,0.1666,0.1611,0.0259,1.0949,1.798,3.4841,0.0537,0.2317,0.004,0.356,0.352,0.205,0.0037,0.5873,0.0016,0.9985,0.0186,0.9691,0.997,0.7729,0.2061,50.0,13.4452,0.0535
Te-me_10.jpg,1,0.2486,0.1945,0.0378,0.6397,0.2419,4.0789,0.0996,0.3157,0.016,0.488,0.472,0.2683,0.0062,0.6991,0.0023,0.9978,0.0256,0.9703,0.9957,0.6664,0.24,50.0,19.3564,0.0779
Te-me_121.jpg,1,0.2851,0.2266,0.0514,0.8376,0.4152,3.9357,0.1326,0.3642,0.0471,0.5412,0.4941,0.3318,0.0151,0.6616,0.005,0.9953,0.0345,0.9512,0.9909,0.7852,0.2531,50.0,20.0,0.1077
Te-me_143.jpg,1,0.1512,0.1673,0.028,0.9203,0.1962,3.1124,0.0509,0.2256,0.0,0.3655,0.3655,0.1916,0.0067,0.4966,0.0022,0.9979,0.0203,0.9614,0.9959,0.8691,0.2981,50.0,20.0,0.0582
Te-me_165.jpg,1,0.3367,0.2609,0.0681,0.5189,-0.2776,4.3806,0.1815,0.426,0.0,0.7176,0.7176,0.3669,0.0082,0.7697,0.0038,0.9963,0.0344,0.972,0.9928,0.5573,0.1954,50.0,20.0,0.14
Te-me_187.jpg,1,0.2886,0.3258,0.1062,0.6713,-1.0695,3.7856,0.1895,0.4353,0.0,0.8103,0.8103,0.3582,0.0135,0.5304,0.0063,0.9943,0.0356,0.9703,0.989,0.5938,0.2818,50.0,20.0,0.2186
Te-me_208.jpg,1,0.2069,0.2969,0.0882,1.1751,0.2859,2.4968,0.131,0.3619,0.0,0.5608,0.5608,0.2541,0.0206,0.3729,0.0062,0.9946,0.0272,0.965,0.99,0.852,0.3076,50.0,20.0,0.1825
Te-me_23.jpg,1,0.1343,0.2096,0.0439,1.5706,1.5949,2.3852,0.062,0.249,0.0,0.4398,0.4398,0.144,0.0025,0.3193,0.0011,0.9989,0.014,0.9875,0.9979,0.921,0.228,50.0,20.0,0.089
Te-me_251.jpg,1,0.3553,0.3057,0.0934,0.4155,-0.8496,4.1743,0.2196,0.4687,0.0,0.8275,0.8275,0.2964,0.006,0.6788,0.003,0.9971,0.0291,0.984,0.9943,0.6687,0.2403,50.0,20.0,0.1898
Te-me_273.jpg,1,0.1669,0.1603,0.0257,1.01,0.9839,3.4383,0.0536,0.2314,0.008,0.36,0.352,0.206,0.0053,0.5721,0.002,0.998,0.0207,0.9604,0.9961,0.8036,0.2406,50.0,16.2192,0.0534
Te-me_295.jpg,1,0.3281,0.2336,0.0546,0.8574,-0.3259,3.861,0.1622,0.4028,0.1143,0.702,0.5878,0.3118,0.0097,0.9985,0.0041,0.9961,0.0329,0.9624,0.9923,0.8604,0.2624,50.0,20.0,0.1132
Te-me_49.jpg,1,0.3172,0.2509,0.0629,0.9703,0.4057,4.2458,0.1635,0.4044,0.036,0.728,0.692,0.3801,0.0132,0.7481,0.0051,0.9953,0.0371,0.9593,0.9909,0.5538,0.2587,50.0,20.0,0.131
Te-me_70.jpg,1,0.3281,0.2336,0.0546,0.8574,-0.3259,3.861,0.1622,0.4028,0.1143,0.702,0.5878,0.3118,0.0097,0.9985,0.0041,0.9961,0.0329,0.9624,0.9923,0.8604,0.2624,50.0,20.0,0.1132
Te-me_92.jpg,1,0.2159,0.1976,0.039,0.7498,-0.06,3.8482,0.0856,0.2927,0.0119,0.4762,0.4643,0.2495,0.0076,0.5967,0.0027,0.9973,0.0272,0.9649,0.9948,0.8564,0.275,50.0,19.7205,0.0808
Te-no_113.jpg,0,0.2075,0.2498,0.0624,1.1271,0.5964,3.365,0.1055,0.3247,0.0,0.5373,0.5373,0.3693,0.0395,0.4674,0.0098,0.9917,0.0425,0.9217,0.9846,0.8699,0.3917,50.0,20.0,0.1346
Te-no_135.jpg,0,0.2006,0.3043,0.0926,1.219,0.0517,2.7571,0.1328,0.3644,0.0,0.6941,0.6941,0.2828,0.0579,0.3512,0.0095,0.9923,0.0387,0.9487,0.9857,0.8294,0.497,50.0,20.0,0.1946
Te-no_157.jpg,0,0.1885,0.225,0.0506,1.4572,1.6802,3.5288,0.0862,0.2935,0.0157,0.4824,0.4667,0.2673,0.016,0.4538,0.0044,0.9959,0.0303,0.957,0.9921,0.8623,0.3582,50.0,20.0,0.1056
Te-no_179.jpg,0,0.2868,0.3473,0.1206,0.6623,-1.1979,3.2961,0.2029,0.4504,0.0,0.7843,0.7843,0.4979,0.0521,0.4542,0.0172,0.9862,0.0575,0.9289,0.9748,0.6492,0.3453,50.0,20.0,0.2584
Te-no_20.jpg,0,0.2174,0.2045,0.0418,1.1676,1.5325,3.6811,0.0891,0.2985,0.0316,0.4625,0.4308,0.2229,0.0058,0.5622,0.0025,0.9976,0.0229,0.9705,0.9954,0.8403,0.2507,50.0,20.0,0.0861
Te-no_221.jpg,0,0.2207,0.2622,0.0687,0.6927,-0.8684,3.1085,0.1174,0.3427,0.0,0.5882,0.5882,0.2534,0.0089,0.4614,0.0038,0.9964,0.0275,0.9722,0.9931,0.8859,0.308,50.0,20.0,0.1413
Te-no_243.jpg,0,0.2466,0.2523,0.0637,0.889,0.3704,3.7266,0.1245,0.3528,0.0,0.5255,0.5255,0.4571,0.0671,0.5799,0.015,0.9872,0.0611,0.8819,0.9762,0.747,0.4566,50.0,20.0,0.1424
Te-no_265.jpg,0,0.2026,0.2166,0.0469,1.6402,3.053,3.5657,0.088,0.2966,0.0235,0.4,0.3765,0.3535,0.0297,0.5498,0.0075,0.9932,0.039,0.92,0.9871,0.866,0.377,50.0,20.0,0.1013
Te-no_287.jpg,0,0.2387,0.3375,0.1139,1.0706,-0.3114,2.8553,0.1709,0.4133,0.0,0.8392,0.8392,0.4633,0.0826,0.388,0.0197,0.9859,0.0517,0.9133,0.9752,0.7983,0.4249,50.0,20.0,0.2475
Te-no_308.jpg,0,0.386,0.222,0.0493,0.4294,-0.256,4.322,0.1982,0.4452,0.1059,0.6275,0.5216,0.4961,0.0262,0.9895,0.0089,0.9919,0.0541,0.9093,0.9845,0.7463,0.3257,50.0,20.0,0.1075
Te-no_33.jpg,0,0.2246,0.2303,0.053,1.0573,0.5835,3.8081,0.1035,0.3216,0.0,0.5255,0.5255,0.3106,0.034,0.4749,0.0098,0.9921,0.0365,0.9073,0.9855,0.8981,0.3788,50.0,15.2938,0.1159
Te-no_351.jpg,0,0.2076,0.2497,0.0623,1.123,0.5722,3.3779,0.1055,0.3247,0.0,0.5373,0.5373,0.3709,0.0421,0.4687,0.01,0.9916,0.0432,0.9202,0.9843,0.868,0.4002,50.0,20.0,0.1346
Te-no_373.jpg,0,0.1035,0.1384,0.0192,1.6996,4.23,2.6168,0.0299,0.1728,0.0,0.2863,0.2863,0.1877,0.0131,0.3969,0.0033,0.997,0.0224,0.9146,0.9941,0.9197,0.4197,50.0,17.5112,0.0416
Te-no_395.jpg,0,0.2461,0.2527,0.0638,0.8918,0.3919,3.6933,0.1244,0.3527,0.0,0.5216,0.5216,0.4534,0.0599,0.5774,0.0145,0.9877,0.0588,0.8862,0.977,0.7478,0.4385,50.0,20.0,0.1422
Te-no_56.jpg,0,0.2858,0.3478,0.1209,0.6623,-1.2007,3.25,0.2026,0.4501,0.0,0.7843,0.7843,0.493,0.0498,0.4507,0.0169,0.9865,0.0555,0.93,0.9754,0.65,0.3355,50.0,20.0,0.2588
Te-no_78.jpg,0,0.2174,0.2045,0.0418,1.1672,1.5303,3.6812,0.0891,0.2985,0.0316,0.4625,0.4308,0.2229,0.0058,0.5622,0.0025,0.9976,0.0229,0.9705,0.9954,0.8403,0.2507,50.0,20.0,0.0861
Te-pi_1.jpg,1,0.2099,0.1962,0.0385,0.6778,-0.4342,3.7445,0.0826,0.2873,0.0119,0.4862,0.4743,0.248,0.0084,0.5667,0.003,0.9971,0.0278,0.9609,0.9943,0.8236,0.2913,50.0,20.0,0.08
Te-pi_120.jpg,1,0.1249,0.1516,0.023,0.9399,-0.1971,2.767,0.0386,0.1965,0.0,0.3665,0.3665,0.1506,0.0051,0.4284,0.0014,0.9986,0.016,0.9685,0.9972,0.8389,0.3139,50.0,20.0,0.0474
Te-pi_142.jpg,1,0.2142,0.1407,0.0198,0.5653,1.086,3.694,0.0657,0.2563,0.0315,0.3425,0.311,0.2424,0.006,0.7377,0.0018,0.9982,0.023,0.9538,0.9965,0.7015,0.2621,50.0,14.788,0.0414
Te-pi_164.jpg,1,0.201,0.1596,0.0255,1.0632,1.7548,3.8882,0.0659,0.2567,0.0238,0.377,0.3532,0.2619,0.0076,0.6902,0.0023,0.9977,0.0258,0.9539,0.9956,0.7353,0.2601,50.0,13.808,0.0533
Te-pi_186.jpg,1,0.2076,0.1487,0.0221,0.8488,1.5692,3.701,0.0652,0.2554,0.0161,0.3629,0.3468,0.2157,0.004,0.7554,0.0017,0.9984,0.0201,0.9624,0.9968,0.8118,0.2214,50.0,13.574,0.0459
Te-pi_207.jpg,1,0.1831,0.1583,0.0251,0.8791,0.7884,3.6236,0.0586,0.242,0.024,0.368,0.344,0.228,0.0058,0.5976,0.0023,0.9977,0.0254,0.9531,0.9955,0.9102,0.2513,50.0,20.0,0.0525
Te-pi_229.jpg,1,0.2131,0.1726,0.0298,0.694,0.3596,3.8205,0.0752,0.2743,0.0198,0.4286,0.4087,0.2507,0.0074,0.6534,0.0025,0.9976,0.0267,0.9584,0.9952,0.8276,0.2559,50.0,19.8558,0.0621
Te-pi_250.jpg,1,0.2104,0.1526,0.0233,1.0819,2.1479,3.905,0.0676,0.2599,0.0206,0.3786,0.358,0.2902,0.0088,0.7637,0.0029,0.9972,0.0293,0.9375,0.9945,0.7427,0.2667,50.0,12.6379,0.0495
Te-pi_272.jpg,1,0.1968,0.1685,0.0284,0.6128,-0.3471,3.7159,0.0671,0.2591,0.0123,0.4321,0.4198,0.262,0.0087,0.6091,0.0028,0.9973,0.029,0.9508,0.9946,0.7897,0.2926,50.0,15.0125,0.0596
Te-pi_294.jpg,1,0.1974,0.1844,0.034,0.6482,-0.3149,3.4893,0.073,0.2702,0.0084,0.4435,0.4351,0.2148,0.0062,0.5736,0.0021,0.9979,0.0224,0.9684,0.9959,0.8621,0.2768,50.0,20.0,0.0702
Te-pi_315.jpg,1,0.1689,0.1749,0.0306,0.7487,-0.0912,3.1906,0.0591,0.2431,0.0,0.3583,0.3583,0.193,0.0063,0.5165,0.0021,0.998,0.0211,0.9663,0.9961,0.8997,0.287,50.0,17.8293,0.0632
Te-pi_337.jpg,1,0.2488,0.1886,0.0356,0.5635,0.2694,3.9448,0.0974,0.3122,0.0118,0.4627,0.451,0.2598,0.005,0.7154,0.0021,0.9979,0.0242,0.9701,0.9959,0.7236,0.2115,50.0,20.0,0.0732
Te-pi_359.jpg,1,0.2276,0.1628,0.0265,0.6417,0.8316,3.9531,0.0783,0.2799,0.0082,0.4139,0.4057,0.2974,0.0109,0.7412,0.0035,0.9967,0.0328,0.9346,0.9934,0.8489,0.3032,50.0,12.1119,0.0565
Te-pi_380.jpg,1,0.2232,0.163,0.0266,0.9786,1.5637,4.0644,0.0764,0.2764,0.0287,0.4016,0.373,0.2964,0.0101,0.7528,0.0033,0.9969,0.0301,0.9372,0.994,0.7295,0.274,50.0,14.1223,0.0565
Te-pi_41.jpg,1,0.2234,0.1942,0.0377,0.6144,-0.1821,3.8397,0.0876,0.296,0.0158,0.4625,0.4466,0.2715,0.0096,0.6019,0.0037,0.9964,0.0308,0.9505,0.993,0.8318,0.2844,50.0,19.4704,0.0791
Te-pi_63.jpg,1,0.1999,0.1487,0.0221,0.9841,2.2665,3.7409,0.0621,0.2492,0.0241,0.3373,0.3133,0.2629,0.0077,0.7144,0.0031,0.997,0.028,0.9292,0.9942,0.7627,0.2543,50.0,14.7658,0.0474
Te-pi_85.jpg,1,0.2349,0.1808,0.0327,0.4181,-0.0423,3.8132,0.0879,0.2964,0.0079,0.4427,0.4348,0.2496,0.0045,0.6871,0.0018,0.9982,0.0222,0.972,0.9965,0.7712,0.1909,50.0,19.1534,0.0672
Tr-gl_1005.jpg,1,0.1047,0.1555,0.0242,1.462,1.5992,2.1979,0.0352,0.1875,0.0,0.3052,0.3052,0.1086,0.0019,0.3447,0.0009,0.9991,0.0113,0.9817,0.9983,0.8986,0.2239,50.0,20.0,0.0493
Tr-gl_1027.jpg,1,0.1076,0.1632,0.0266,1.548,1.9369,2.2017,0.0382,0.1955,0.0,0.3266,0.3266,0.131,0.0025,0.3259,0.0013,0.9987,0.0131,0.9751,0.9975,0.9178,0.2128,50.0,20.0,0.0546
Tr-gl_1049.jpg,1,0.1165,0.1381,0.0191,0.9138,0.4052,2.3791,0.0326,0.1807,0.0,0.2731,0.2731,0.1336,0.0064,0.4332,0.0017,0.9984,0.0154,0.9561,0.9968,0.9277,0.3496,50.0,20.0,0.0398
Tr-gl_1070.jpg,1,0.087,0.1435,0.0206,1.8341,3.1093,2.1145,0.0282,0.1678,0.0,0.2634,0.2634,0.1115,0.0021,0.3033,0.0009,0.9991,0.0111,0.9773,0.9982,0.9229,0.2254,50.0,20.0,0.0421
Tr-gl_1092.jpg,1,0.0747,0.1194,0.0143,1.802,3.1803,2.1175,0.0198,0.1408,0.0,0.241,0.241,0.1217,0.004,0.3,0.0013,0.9988,0.0135,0.9558,0.9976,0.9191,0.3093,50.0,20.0,0.0298
Tr-gl_1113.jpg,1,0.1317,0.1746,0.0305,1.3335,1.6004,2.5164,0.0478,0.2187,0.0,0.3374,0.3374,0.1588,0.0043,0.3987,0.0018,0.9983,0.0162,0.9711,0.9967,0.876,0.2495,50.0,20.0,0.0627
Tr-gl_1135.jpg,1,0.1334,0.1798,0.0323,1.4469,1.7731,2.672,0.0501,0.2239,0.0,0.3539,0.3539,0.1759,0.0072,0.3853,0.0026,0.9975,0.0191,0.9596,0.9952,0.9249,0.2762,50.0,20.0,0.0673
Tr-gl_1157.jpg,1,0.1066,0.1421,0.0202,1.25,1.3854,2.2119,0.0315,0.1776,0.0,0.2731,0.2731,0.1184,0.004,0.378,0.0014,0.9986,0.0134,0.9651,0.9973,0.9444,0.2742,50.0,20.0,0.0418
Tr-gl_1179.jpg,1,0.143,0.1552,0.0241,0.9256,0.3622,3.0693,0.0445,0.2111,0.0,0.3414,0.3414,0.1844,0.0064,0.515,0.0022,0.9978,0.021,0.9536,0.9958,0.8837,0.2988,50.0,19.7255,0.0504
Tr-gl_120.jpg,1,0.1678,0.1479,0.0219,1.0088,1.7908,3.3287,0.05,0.2237,0.0122,0.313,0.3008,0.2196,0.0076,0.6277,0.0024,0.9977,0.0223,0.9452,0.9956,0.8146,0.2785,50.0,16.7416,0.0461
Tr-gl_1221.jpg,1,0.1424,0.1576,0.0248,0.989,0.3759,3.1234,0.0451,0.2124,0.0,0.3527,0.3527,0.1817,0.0055,0.4801,0.0018,0.9982,0.0197,0.9628,0.9965,0.8927,0.2883,50.0,15.8343,0.0515
Tr-gl_1243.jpg,1,0.153,0.1707,0.0291,1.0844,0.7673,3.2027,0.0525,0.2292,0.0,0.3786,0.3786,0.2003,0.0046,0.5246,0.0022,0.9979,0.0215,0.9626,0.9958,0.8772,0.2453,50.0,19.8906,0.0604
Tr-gl_1265.jpg,1,0.1208,0.1795,0.0322,1.5127,1.8272,2.3609,0.0468,0.2163,0.0,0.3636,0.3636,0.1567,0.0037,0.3385,0.0019,0.9982,0.0158,0.9708,0.9965,0.9013,0.2203,50.0,20.0,0.0663
Tr-gl_1287.jpg,1,0.168,0.1801,0.0324,1.0621,0.8723,3.1641,0.0606,0.2463,0.008,0.388,0.38,0.1983,0.0051,0.5122,0.0019,0.9982,0.0194,0.971,0.9964,0.8058,0.237,50.0,20.0,0.0667
Tr-gl_1308.jpg,1,0.1773,0.1512,0.0229,0.8493,0.9781,3.4354,0.0543,0.233,0.0124,0.3512,0.3388,0.2246,0.0075,0.6317,0.0024,0.9977,0.024,0.9477,0.9955,0.8092,0.2892,50.0,17.2933,0.0481
Tr-gl_133.jpg,1,0.2169,0.192,0.0369,0.6812,-0.0606,3.7401,0.0839,0.2896,0.0119,0.4664,0.4545,0.2075,0.0038,0.6226,0.0014,0.9987,0.0192,0.9814,0.9973,0.7123,0.2282,50.0,20.0,0.0751
Tr-gl_1351.jpg,1,0.1176,0.1815,0.033,1.5839,1.5837,2.4925,0.0468,0.2163,0.0,0.4104,0.4104,0.1704,0.0053,0.3223,0.0019,0.9981,0.018,0.9707,0.9963,0.8809,0.2657,50.0,20.0,0.0678
Tr-gl_1373.jpg,1,0.1932,0.1736,0.0301,0.8852,0.7204,3.6391,0.0674,0.2597,0.0083,0.4108,0.4025,0.243,0.0063,0.6233,0.0022,0.9979,0.0235,0.9639,0.9959,0.7415,0.2461,50.0,17.1409,0.0624
Tr-gl_1395.jpg,1,0.1593,0.1474,0.0217,1.0693,1.4088,3.3472,0.0471,0.217,0.012,0.3267,0.3147,0.2124,0.0053,0.6039,0.0021,0.998,0.0217,0.9516,0.996,0.8386,0.2481,50.0,16.335,0.0456
Tr-gl_156.jpg,1,0.191,0.1774,0.0315,0.9226,0.7597,3.5282,0.068,0.2607,0.012,0.412,0.4,0.2358,0.006,0.596,0.0024,0.9977,0.0241,0.9613,0.9954,0.8069,0.2379,50.0,19.4762,0.0654
Tr-gl_178.jpg,1,0.1683,0.1786,0.0319,0.9428,0.4452,3.4149,0.0602,0.2454,0.0,0.3882,0.3882,0.2068,0.0066,0.5052,0.0023,0.9978,0.022,0.9642,0.9957,0.9009,0.2623,50.0,16.0705,0.0661
Tr-gl_2.jpg,1,0.1899,0.1776,0.0316,0.8161,0.2626,3.505,0.0676,0.2601,0.0122,0.4122,0.4,0.2241,0.0061,0.5906,0.0022,0.9979,0.023,0.9651,0.9958,0.7751,0.25,50.0,20.0,0.0653
Tr-gl_220.jpg,1,0.2034,0.1958,0.0383,0.7471,-0.0977,3.4246,0.0797,0.2824,0.0124,0.4564,0.444,0.2033,0.0039,0.5662,0.0016,0.9984,0.0203,0.9787,0.9968,0.7869,0.2226,50.0,20.0,0.0783
Tr-gl_242.jpg,1,0.1189,0.1584,0.0251,1.5467,2.5772,2.583,0.0392,0.198,0.0,0.3098,0.3098,0.1609,0.0065,0.3954,0.0024,0.9978,0.0172,0.9527,0.9956,0.9168,0.2743,50.0,20.0,0.0525
Tr-gl_264.jpg,1,0.157,0.1801,0.0324,0.8392,-0.1974,2.844,0.0571,0.2389,0.0,0.39,0.39,0.1773,0.0063,0.4597,0.0024,0.9977,0.0207,0.9624,0.9954,0.8947,0.2905,50.0,20.0,0.0673
Tr-gl_286.jpg,1,0.1107,0.128,0.0164,1.0605,0.7566,2.7742,0.0287,0.1693,0.0,0.2805,0.2805,0.1466,0.0038,0.4776,0.0014,0.9986,0.0171,0.9559,0.9972,0.9389,0.2909,50.0,17.5016,0.0342
Tr-gl_307.jpg,1,0.2125,0.1684,0.0284,0.7854,0.8456,3.8452,0.0735,0.2712,0.0159,0.4064,0.3904,0.2316,0.0057,0.6935,0.0022,0.9979,0.0225,0.9604,0.9959,0.7093,0.2497,50.0,13.9817,0.059
Tr-gl_329.jpg,1,0.1431,0.1564,0.0245,0.9281,0.3339,2.9925,0.0449,0.212,0.0,0.3375,0.3375,0.1678,0.0056,0.4802,0.0017,0.9983,0.018,0.965,0.9967,0.9121,0.3012,50.0,18.4404,0.0507
Tr-gl_350.jpg,1,0.1802,0.1703,0.029,0.8359,0.3311,3.4325,0.0614,0.2479,0.0083,0.3884,0.3802,0.2025,0.0041,0.5752,0.0015,0.9985,0.0195,0.9735,0.997,0.7446,0.2284,50.0,18.9792,0.0595
Tr-gl_372.jpg,1,0.0997,0.1416,0.0201,1.4687,2.2326,2.2011,0.03,0.1732,0.0,0.2616,0.2616,0.1364,0.0062,0.3677,0.0019,0.9982,0.0151,0.9531,0.9965,0.9211,0.3047,50.0,20.0,0.042
Tr-gl_394.jpg,1,0.0854,0.127,0.0161,1.6209,2.8782,2.0139,0.0234,0.153,0.0,0.2397,0.2397,0.1048,0.0022,0.3365,0.001,0.999,0.0109,0.968,0.998,0.9149,0.2114,50.0,20.0,0.0333
Tr-gl_415.jpg,1,0.145,0.1545,0.0239,1.4211,2.9757,3.1571,0.0449,0.2119,0.0081,0.3036,0.2955,0.1779,0.0051,0.5154,0.0019,0.9982,0.0172,0.961,0.9966,0.8786,0.2444,50.0,16.8651,0.0496
Tr-gl_437.jpg,1,0.1056,0.1526,0.0233,1.5863,2.7609,2.2965,0.0344,0.1856,0.0,0.3143,0.3143,0.1389,0.0041,0.3474,0.0017,0.9983,0.0141,0.9625,0.9968,0.9365,0.2475,50.0,20.0,0.0483
Tr-gl_459.jpg,1,0.1256,0.1684,0.0284,1.3268,1.0416,2.5884,0.0441,0.2101,0.0078,0.3686,0.3608,0.1439,0.0029,0.3815,0.0011,0.9989,0.0145,0.9798,0.9978,0.8439,0.2428,50.0,20.0,0.0579
Tr-gl_480.jpg,1,0.1191,0.1614,0.026,1.4083,1.5964,2.6364,0.0402,0.2006,0.0,0.3109,0.3109,0.1497,0.0052,0.4083,0.0017,0.9984,0.0162,0.9681,0.9968,0.9259,0.2876,50.0,20.0,0.0537
Tr-gl_501.jpg,1,0.1355,0.1527,0.0233,1.2612,1.4131,3.2061,0.0417,0.2042,0.0,0.3391,0.3391,0.1946,0.0053,0.5089,0.002,0.9981,0.0207,0.957,0.9962,0.8552,0.276,50.0,13.0708,0.0487
Tr-gl_523.jpg,1,0.1909,0.186,0.0346,0.7651,-0.0156,3.4176,0.071,0.2665,0.0081,0.4211,0.413,0.2006,0.0045,0.5688,0.0018,0.9983,0.0202,0.9745,0.9966,0.7871,0.2346,50.0,20.0,0.0709
Tr-gl_545.jpg,1,0.1316,0.169,0.0286,1.2883,1.0744,2.7908,0.0459,0.2142,0.0,0.3489,0.3489,0.1859,0.0062,0.4182,0.0025,0.9976,0.0208,0.9569,0.9954,0.8608,0.2782,50.0,20.0,0.0596
Tr-gl_567.jpg,1,0.1173,0.155,0.024,1.0494,0.1827,2.2206,0.0378,0.1944,0.0,0.3195,0.3195,0.1068,0.0024,0.369,0.0009,0.9991,0.0112,0.9805,0.9982,0.9401,0.2548,50.0,20.0,0.049
Tr-gl_589.jpg,1,0.1295,0.1812,0.0328,1.4251,1.3398,2.7465,0.0496,0.2228,0.0,0.3755,0.3755,0.1811,0.0062,0.3692,0.0019,0.9982,0.0186,0.9713,0.9964,0.8768,0.3013,50.0,20.0,0.0676
Tr-gl_61.jpg,1,0.1835,0.1834,0.0336,1.2948,1.8384,3.6991,0.0673,0.2594,0.012,0.404,0.392,0.2224,0.0055,0.5804,0.0022,0.9979,0.0228,0.9674,0.9958,0.7946,0.245,50.0,15.387,0.0695
Tr-gl_631.jpg,1,0.1394,0.1739,0.0302,1.1657,0.84,2.7527,0.0497,0.2229,0.0,0.3699,0.3699,0.184,0.0079,0.4285,0.0026,0.9975,0.0211,0.9563,0.995,0.9129,0.2927,50.0,20.0,0.0631
Tr-gl_653.jpg,1,0.0961,0.1264,0.016,1.0307,0.2565,2.0068,0.0252,0.1588,0.0,0.251,0.251,0.0981,0.002,0.3704,0.0008,0.9992,0.0105,0.9741,0.9984,0.9428,0.2481,50.0,20.0,0.0328
Tr-gl_675.jpg,1,0.1007,0.1291,0.0167,1.166,0.8759,2.5218,0.0268,0.1637,0.0,0.2669,0.2669,0.1267,0.0037,0.4212,0.0012,0.9989,0.0137,0.9649,0.9977,0.9351,0.2939,50.0,20.0,0.0345
Tr-gl_697.jpg,1,0.1559,0.1778,0.0316,1.0772,0.7249,3.0198,0.0559,0.2365,0.0,0.38,0.38,0.1837,0.0065,0.4765,0.0022,0.9979,0.0194,0.9647,0.9958,0.9088,0.2832,50.0,20.0,0.0655
Tr-gl_718.jpg,1,0.1553,0.1821,0.0332,1.1128,0.6335,3.1494,0.0573,0.2393,0.0,0.4056,0.4056,0.204,0.0061,0.4749,0.0024,0.9977,0.0211,0.9644,0.9956,0.8538,0.2626,50.0,20.0,0.0687
Tr-gl_74.jpg,1,0.1618,0.1916,0.0367,0.9368,-0.185,3.0132,0.0629,0.2508,0.0,0.439,0.439,0.1937,0.0048,0.4449,0.0021,0.998,0.0208,0.972,0.9961,0.8482,0.2545,50.0,20.0,0.0755
Tr-gl_761.jpg,1,0.1645,0.1586,0.0252,1.1581,1.7247,3.3842,0.0522,0.2285,0.0122,0.3496,0.3374,0.262,0.0116,0.5748,0.0033,0.9969,0.0269,0.9345,0.9939,0.8214,0.2992,50.0,17.8873,0.0536
Tr-gl_783.jpg,1,0.1128,0.1468,0.0215,1.1983,0.8929,2.5797,0.0343,0.1851,0.0,0.3108,0.3108,0.154,0.0053,0.398,0.0017,0.9983,0.0169,0.9598,0.9967,0.9109,0.2974,50.0,20.0,0.0448
Tr-gl_804.jpg,1,0.1261,0.1405,0.0197,1.3334,2.5986,2.8073,0.0356,0.1888,0.004,0.2691,0.2651,0.1631,0.0047,0.4786,0.002,0.9981,0.0169,0.9489,0.9964,0.8686,0.2341,50.0,19.6167,0.0415
Tr-gl_826.jpg,1,0.1112,0.1566,0.0245,1.5163,2.1041,2.4804,0.0369,0.1921,0.0,0.2857,0.2857,0.1349,0.0031,0.3899,0.0013,0.9987,0.0139,0.9727,0.9974,0.9259,0.2335,50.0,20.0,0.0504
Tr-gl_848.jpg,1,0.0934,0.1057,0.0112,1.4089,2.7862,2.7411,0.0199,0.1411,0.0,0.2165,0.2165,0.1532,0.0044,0.4697,0.0015,0.9985,0.0173,0.9317,0.9971,0.9208,0.2947,50.0,8.6949,0.0239
Tr-gl_87.jpg,1,0.148,0.1855,0.0344,1.0755,0.2004,2.7789,0.0563,0.2374,0.0,0.4083,0.4083,0.181,0.0053,0.4197,0.0018,0.9982,0.0187,0.9734,0.9965,0.9211,0.2642,50.0,20.0,0.0707
Tr-gl_891.jpg,1,0.1797,0.1589,0.0252,0.6919,0.299,3.3639,0.0575,0.2399,0.0123,0.3539,0.3416,0.2015,0.0052,0.5991,0.0017,0.9984,0.0199,0.9664,0.9968,0.8249,0.2656,50.0,19.5965,0.0522
Tr-gl_912.jpg,1,0.1296,0.1714,0.0294,1.4376,1.8491,2.6943,0.0462,0.2149,0.0,0.3373,0.3373,0.1762,0.0072,0.4006,0.0025,0.9976,0.0188,0.9568,0.9953,0.9107,0.2824,50.0,20.0,0.0613
Tr-gl_934.jpg,1,0.1529,0.1669,0.0279,1.1209,1.2153,3.2832,0.0512,0.2264,0.0,0.3537,0.3537,0.1866,0.0045,0.5124,0.0017,0.9983,0.0191,0.9691,0.9967,0.8723,0.2541,50.0,15.2987,0.0574
Tr-gl_956.jpg,1,0.1163,0.1477,0.0218,1.5651,2.6639,2.7645,0.0353,0.188,0.0043,0.3064,0.3021,0.1466,0.0028,0.4457,0.0013,0.9987,0.0144,0.9699,0.9975,0.8455,0.2115,50.0,20.0,0.0449
Tr-gl_978.jpg,1,0.0961,0.1546,0.0239,1.6799,1.9234,2.2369,0.0331,0.1821,0.0,0.348,0.348,0.131,0.0033,0.2979,0.0012,0.9988,0.0137,0.9741,0.9976,0.9106,0.2635,50.0,20.0,0.049
Tr-aug-me_1.jpg,1,0.1121,0.1454,0.0211,1.4017,1.8458,2.7698,0.0337,0.1836,0.0,0.3049,0.3049,0.1429,0.0036,0.4346,0.0012,0.9988,0.0145,0.9713,0.9976,0.8486,0.2555,50.0,17.585,0.0435
Tr-aug-me_30.jpg,1,0.1789,0.2124,0.0451,0.9626,-0.0171,3.1655,0.0771,0.2777,0.0,0.4898,0.4898,0.2295,0.0087,0.4702,0.0031,0.9971,0.0244,0.9662,0.9943,0.7847,0.2857,50.0,20.0,0.0932
Tr-aug-me_52.jpg,1,0.1398,0.17,0.0289,1.1852,0.9399,2.9696,0.0484,0.2201,0.0,0.3618,0.3618,0.1645,0.0035,0.4313,0.0014,0.9986,0.0165,0.9758,0.9973,0.9058,0.2337,50.0,18.9299,0.0592
Tr-aug-me_74.jpg,1,0.1943,0.164,0.0269,0.7461,0.4652,3.7484,0.0647,0.2543,0.004,0.3968,0.3927,0.2548,0.0056,0.6718,0.0024,0.9977,0.0247,0.9551,0.9955,0.7654,0.2316,50.0,14.157,0.0562
Tr-aug-me_96.jpg,1,0.1645,0.1625,0.0264,0.6183,-0.4474,3.199,0.0535,0.2312,0.0,0.3689,0.3689,0.1736,0.005,0.5384,0.0018,0.9983,0.0184,0.9657,0.9966,0.8695,0.2823,50.0,18.9269,0.0547
Tr-me_1016.jpg,1,0.1425,0.1647,0.0271,1.5419,3.1629,3.1567,0.0474,0.2178,0.004,0.312,0.308,0.1746,0.0029,0.4918,0.0013,0.9987,0.0157,0.9761,0.9975,0.8486,0.1806,50.0,15.2403,0.0555
Tr-me_1038.jpg,1,0.1002,0.1369,0.0188,1.411,1.5645,2.3648,0.0288,0.1697,0.0,0.28,0.28,0.1254,0.0022,0.3479,0.001,0.999,0.0125,0.9736,0.9981,0.9338,0.2287,50.0,17.2598,0.0385
Tr-me_106.jpg,1,0.1264,0.1936,0.0375,1.3776,0.9296,2.1178,0.0535,0.2312,0.0,0.4024,0.4024,0.1066,0.0015,0.3045,0.0007,0.9993,0.0097,0.9901,0.9986,0.9478,0.1947,50.0,20.0,0.0757
Tr-me_1081.jpg,1,0.1944,0.1915,0.0367,1.0087,0.8131,3.6032,0.0745,0.2729,0.0087,0.4174,0.4087,0.2267,0.008,0.5824,0.0023,0.9978,0.0223,0.9692,0.9958,0.7943,0.2775,50.0,20.0,0.0756
Tr-me_1102.jpg,1,0.1662,0.1765,0.0311,1.0518,1.0407,3.1393,0.0588,0.2425,0.0,0.3527,0.3527,0.1998,0.0059,0.5113,0.0025,0.9976,0.0212,0.9598,0.9953,0.8635,0.2481,50.0,19.795,0.0648
Tr-me_1124.jpg,1,0.1479,0.1807,0.0326,1.1409,0.8133,2.7638,0.0545,0.2334,0.0,0.3745,0.3745,0.1474,0.0025,0.434,0.0014,0.9986,0.0156,0.9781,0.9972,0.9094,0.2284,50.0,20.0,0.0667
Tr-me_1146.jpg,1,0.3627,0.2747,0.0755,0.6974,0.0584,3.7738,0.207,0.455,0.0471,0.8275,0.7804,0.2738,0.0063,0.7067,0.0034,0.9967,0.0261,0.9774,0.9936,0.8423,0.2169,50.0,20.0,0.1544
Tr-me_1168.jpg,1,0.3862,0.3022,0.0913,0.7483,-0.6607,4.0428,0.2405,0.4904,0.0797,0.9323,0.8526,0.3948,0.0176,0.8844,0.0075,0.9933,0.041,0.9591,0.9873,0.4912,0.279,50.0,20.0,0.1902
Tr-me_119.jpg,1,0.1599,0.1749,0.0306,0.9808,0.2781,3.184,0.0562,0.237,0.0081,0.3806,0.3725,0.1814,0.0038,0.4904,0.0015,0.9986,0.0173,0.9757,0.9972,0.811,0.2243,50.0,20.0,0.0627
Tr-me_1210.jpg,1,0.146,0.1713,0.0293,1.1663,1.1573,2.9878,0.0507,0.2251,0.0,0.3496,0.3496,0.1946,0.0065,0.4665,0.0025,0.9976,0.0216,0.9568,0.9952,0.8636,0.2856,50.0,20.0,0.0612
Tr-me_1232.jpg,1,0.1777,0.1831,0.0335,0.8193,0.0964,3.3454,0.0651,0.2552,0.0,0.3976,0.3976,0.1979,0.0047,0.543,0.0022,0.9979,0.021,0.9673,0.9958,0.8338,0.2476,50.0,20.0,0.0692
Tr-me_1254.jpg,1,0.13,0.1793,0.0322,1.2853,0.9412,2.4238,0.0491,0.2215,0.0,0.3715,0.3715,0.1373,0.0028,0.3554,0.0015,0.9986,0.0139,0.9765,0.9972,0.9166,0.2057,50.0,20.0,0.0658
Tr-me_1276.jpg,1,0.1567,0.1693,0.0287,0.8892,0.2609,3.1679,0.0532,0.2307,0.0,0.3775,0.3775,0.1647,0.0041,0.4975,0.0015,0.9986,0.0167,0.9741,0.9972,0.8659,0.2561,50.0,19.9523,0.0588
Tr-me_1298.jpg,1,0.1388,0.1834,0.0336,1.2687,1.1324,2.6491,0.0529,0.23,0.0,0.3735,0.3735,0.1779,0.0063,0.3983,0.0027,0.9975,0.0183,0.96,0.9951,0.8646,0.2455,50.0,20.0,0.07
Tr-me_149.jpg,1,0.12,0.1751,0.0307,1.4147,1.0356,2.5493,0.0451,0.2123,0.0,0.4069,0.4069,0.1694,0.0051,0.3515,0.0019,0.9981,0.0178,0.9687,0.9964,0.8696,0.2673,50.0,20.0,0.0632
Tr-me_170.jpg,1,0.1781,0.1782,0.0318,1.1245,1.2711,3.4603,0.0635,0.2519,0.0161,0.3896,0.3735,0.228,0.0052,0.5499,0.0021,0.998,0.0219,0.9667,0.996,0.785,0.2278,50.0,20.0,0.0656
Tr-me_192.jpg,1,0.1442,0.1718,0.0295,1.1468,0.8975,2.9491,0.0503,0.2243,0.0,0.3559,0.3559,0.1857,0.0066,0.4579,0.0023,0.9978,0.0196,0.9615,0.9957,0.8651,0.2665,50.0,20.0,0.0613
Tr-me_213.jpg,1,0.156,0.1981,0.0393,1.1817,0.6643,2.8754,0.0636,0.2521,0.0,0.4494,0.4494,0.1465,0.0019,0.438,0.0011,0.9989,0.0147,0.9854,0.9978,0.8728,0.2014,50.0,20.0,0.0797
Tr-me_235.jpg,1,0.1638,0.1236,0.0153,1.0486,2.8666,3.3942,0.0421,0.2052,0.017,0.2936,0.2766,0.2111,0.0058,0.6883,0.0016,0.9985,0.0203,0.9484,0.997,0.7568,0.2641,50.0,11.6134,0.0321
Tr-me_257.jpg,1,0.1358,0.21,0.0441,1.5676,1.5843,2.3959,0.0625,0.2501,0.0,0.444,0.444,0.1443,0.0025,0.3197,0.0011,0.9989,0.0141,0.9876,0.9979,0.9208,0.2291,50.0,20.0,0.0893
Tr-me_279.jpg,1,0.1437,0.1644,0.027,1.0649,0.875,2.9465,0.0477,0.2184,0.0,0.3374,0.3374,0.1585,0.0049,0.4741,0.0018,0.9983,0.0168,0.9661,0.9966,0.8972,0.2726,50.0,20.0,0.0559
Tr-me_30.jpg,1,0.1023,0.1524,0.0232,1.5404,2.171,2.2374,0.0337,0.1836,0.0,0.3108,0.3108,0.1382,0.004,0.3258,0.002,0.9981,0.0147,0.9565,0.9963,0.8931,0.2192,50.0,20.0,0.0485
Tr-me_321.jpg,1,0.1303,0.2123,0.0451,1.5634,1.2904,2.0991,0.062,0.2491,0.0,0.464,0.464,0.1099,0.0018,0.2707,0.0006,0.9994,0.0106,0.9931,0.9988,0.9164,0.2411,50.0,20.0,0.0907
Tr-me_343.jpg,1,0.1927,0.1911,0.0365,1.011,0.4897,3.6194,0.0737,0.2714,0.0123,0.4815,0.4691,0.2406,0.0079,0.5633,0.0031,0.997,0.0267,0.9572,0.9941,0.8119,0.273,50.0,19.4934,0.0762
Tr-me_365.jpg,1,0.1659,0.1882,0.0354,1.1493,0.8222,3.2629,0.0629,0.2509,0.0,0.4096,0.4096,0.1995,0.0046,0.4953,0.0022,0.9979,0.0216,0.9692,0.9958,0.8429,0.2496,50.0,20.0,0.073
Tr-me_387.jpg,1,0.216,0.1905,0.0363,0.7129,0.1052,3.7051,0.083,0.288,0.0122,0.4553,0.4431,0.2301,0.0041,0.6342,0.0017,0.9983,0.0206,0.9762,0.9967,0.7161,0.1961,50.0,20.0,0.0743
Tr-me_408.jpg,1,0.1189,0.2099,0.044,1.8205,2.1361,1.9783,0.0582,0.2412,0.0,0.4563,0.4563,0.1005,0.0019,0.2307,0.0006,0.9994,0.0097,0.9935,0.9989,0.878,0.2563,50.0,20.0,0.0887
Tr-me_43.jpg,1,0.163,0.1794,0.0322,0.9003,0.3109,3.0021,0.0587,0.2423,0.0,0.3868,0.3868,0.1911,0.0048,0.4948,0.0022,0.9979,0.0201,0.966,0.9958,0.8951,0.2415,50.0,20.0,0.0665
Tr-me_451.jpg,1,0.1373,0.2009,0.0404,1.3603,0.7539,2.6302,0.0592,0.2433,0.0,0.4631,0.4631,0.1965,0.007,0.351,0.0025,0.9976,0.0201,0.9695,0.9954,0.8383,0.2828,50.0,20.0,0.0832
Tr-me_473.jpg,1,0.1356,0.2151,0.0463,1.6734,1.8534,2.5184,0.0646,0.2543,0.0,0.4661,0.4661,0.1204,0.0013,0.3304,0.0008,0.9992,0.012,0.9913,0.9984,0.8738,0.2033,50.0,20.0,0.0933
Tr-me_495.jpg,1,0.1269,0.178,0.0317,1.409,1.3512,2.5944,0.0478,0.2186,0.0,0.3551,0.3551,0.1742,0.0061,0.3691,0.0023,0.9977,0.0192,0.963,0.9956,0.8964,0.281,50.0,20.0,0.0657
Tr-me_516.jpg,1,0.1201,0.1891,0.0358,1.6916,2.1441,2.2982,0.0502,0.224,0.0,0.3891,0.3891,0.1221,0.0017,0.3087,0.0008,0.9992,0.0116,0.9894,0.9985,0.9221,0.2269,50.0,20.0,0.0723
Tr-me_538.jpg,1,0.0977,0.177,0.0313,2.2188,4.1902,1.9256,0.0409,0.2022,0.0,0.366,0.366,0.0814,0.0013,0.2276,0.0004,0.9996,0.0077,0.9943,0.9993,0.9238,0.2691,50.0,20.0,0.063
Tr-me_56.jpg,1,0.164,0.1779,0.0317,0.8991,0.1877,3.1404,0.0585,0.242,0.0,0.3992,0.3992,0.1928,0.0064,0.4926,0.0024,0.9977,0.0214,0.9615,0.9954,0.8808,0.2682,50.0,20.0,0.0658
Tr-me_581.jpg,1,0.1808,0.1667,0.0278,1.083,1.4924,3.7042,0.0605,0.2459,0.0123,0.3607,0.3484,0.2161,0.0065,0.5898,0.0022,0.9979,0.0214,0.9606,0.9959,0.7864,0.265,50.0,14.2362,0.0577
Tr-me_602.jpg,1,0.1523,0.1769,0.0313,1.3362,1.5182,3.1631,0.0545,0.2334,0.0081,0.3846,0.3765,0.1815,0.0038,0.4595,0.0017,0.9984,0.0173,0.9732,0.9968,0.8075,0.2206,50.0,20.0,0.0643
Tr-me_624.jpg,1,0.139,0.2012,0.0405,1.3577,0.7467,2.6465,0.0598,0.2445,0.0,0.4672,0.4672,0.1967,0.007,0.3517,0.0025,0.9976,0.0201,0.9696,0.9954,0.8381,0.2826,50.0,20.0,0.0834
Tr-me_646.jpg,1,0.1619,0.1711,0.0293,1.0449,0.6113,3.4467,0.0555,0.2355,0.0,0.3918,0.3918,0.2125,0.0079,0.5162,0.0024,0.9977,0.023,0.9585,0.9954,0.8116,0.2954,50.0,14.3431,0.061
Tr-me_668.jpg,1,0.174,0.1737,0.0302,0.9319,0.5599,3.3176,0.0604,0.2459,0.0079,0.3715,0.3636,0.2046,0.0058,0.5516,0.002,0.9981,0.02,0.9666,0.9962,0.8152,0.2555,50.0,20.0,0.0623
Tr-me_69.jpg,1,0.1486,0.1814,0.0329,1.1776,0.9351,2.9707,0.055,0.2345,0.0,0.3833,0.3833,0.195,0.0077,0.4503,0.0028,0.9974,0.0209,0.9578,0.9949,0.8454,0.2732,50.0,20.0,0.0686
Tr-me_710.jpg,1,0.1433,0.1772,0.0314,1.071,0.4392,2.8239,0.0519,0.2279,0.0,0.3586,0.3586,0.1649,0.005,0.4391,0.0019,0.9982,0.0178,0.9697,0.9964,0.8337,0.2786,50.0,20.0,0.0647
Tr-me_732.jpg,1,0.1853,0.1976,0.039,0.8895,-0.0972,3.317,0.0734,0.2709,0.0125,0.4708,0.4583,0.1801,0.003,0.5034,0.0013,0.9987,0.0172,0.9836,0.9975,0.803,0.2171,50.0,20.0,0.0794
Tr-me_754.jpg,1,0.1534,0.1935,0.0375,1.1441,0.8713,2.7211,0.061,0.247,0.0,0.376,0.376,0.1626,0.0051,0.4225,0.0017,0.9983,0.0159,0.9768,0.9967,0.8533,0.2613,50.0,20.0,0.0767
Tr-me_776.jpg,1,0.3573,0.2369,0.0561,0.592,0.327,3.9076,0.1838,0.4287,0.0435,0.664,0.6206,0.3158,0.0038,0.7813,0.0036,0.9965,0.0301,0.9678,0.9932,0.8258,0.1552,50.0,20.0,0.1158
Tr-me_798.jpg,1,0.2238,0.2187,0.0478,0.7367,-0.2042,3.6263,0.0979,0.3129,0.012,0.5,0.488,0.2129,0.0047,0.5316,0.0018,0.9983,0.0203,0.9812,0.9966,0.7939,0.2263,50.0,20.0,0.0975
Tr-me_819.jpg,1,0.1965,0.1846,0.0341,0.9238,0.7919,3.5508,0.0727,0.2696,0.0139,0.4074,0.3935,0.2414,0.0079,0.5862,0.0026,0.9975,0.0227,0.962,0.9952,0.79,0.2559,50.0,20.0,0.0708
Tr-me_840.jpg,1,0.1659,0.1836,0.0337,1.0071,0.4425,3.2609,0.0612,0.2475,0.0,0.3992,0.3992,0.1877,0.0048,0.4908,0.0019,0.9982,0.0197,0.9725,0.9964,0.8823,0.2456,50.0,20.0,0.0693
Tr-me_862.jpg,1,0.2179,0.2236,0.05,0.5997,-0.5831,3.446,0.0975,0.3123,0.0,0.4824,0.4824,0.3212,0.0196,0.5447,0.0059,0.9947,0.0333,0.9408,0.99,0.847,0.303,50.0,20.0,0.106
Tr-me_884.jpg,1,0.2047,0.2035,0.0414,0.8356,-0.1249,3.5528,0.0833,0.2887,0.0161,0.494,0.4779,0.1923,0.0039,0.5392,0.0015,0.9986,0.0187,0.9822,0.9972,0.6989,0.2325,50.0,20.0,0.0843
Tr-me_905.jpg,1,0.2868,0.2768,0.0766,0.7756,-0.2221,3.9871,0.1589,0.3986,0.0,0.7255,0.7255,0.3258,0.0071,0.6432,0.0044,0.9958,0.0319,0.9713,0.9919,0.7059,0.1897,50.0,20.0,0.1576
Tr-me_927.jpg,1,0.181,0.1868,0.0349,0.8466,0.2715,3.2376,0.0677,0.2601,0.0,0.4065,0.4065,0.2109,0.0075,0.5362,0.0027,0.9975,0.0223,0.962,0.9951,0.861,0.2858,50.0,20.0,0.0724
Tr-me_949.jpg,1,0.2313,0.1953,0.0381,0.604,-0.1735,3.8559,0.0916,0.3027,0.0126,0.4854,0.4728,0.2556,0.0082,0.6427,0.0025,0.9976,0.0252,0.9666,0.9953,0.7442,0.2695,50.0,20.0,0.0788
Tr-me_970.jpg,1,0.214,0.2072,0.043,0.8056,0.0338,3.6688,0.0888,0.2979,0.012,0.4659,0.4538,0.2092,0.0037,0.5692,0.0015,0.9985,0.0194,0.9824,0.9971,0.7705,0.2133,50.0,20.0,0.0874
Tr-me_992.jpg,1,0.1083,0.203,0.0412,1.9581,2.6701,1.7897,0.0529,0.2301,0.0,0.4472,0.4472,0.0902,0.0018,0.2115,0.0005,0.9995,0.0088,0.9938,0.999,0.9386,0.2764,50.0,20.0,0.0829
Tr-no_1012.jpg,0,0.2114,0.2444,0.0597,1.0018,0.5042,3.1626,0.1044,0.3231,0.0,0.4902,0.4902,0.3151,0.0245,0.4717,0.0074,0.9938,0.0331,0.938,0.9886,0.8951,0.3347,50.0,20.0,0.1268
Tr-no_1034.jpg,0,0.3372,0.3038,0.0923,0.2497,-1.2922,3.9725,0.206,0.4539,0.0039,0.7176,0.7137,0.5063,0.0277,0.6187,0.0119,0.9902,0.0495,0.9355,0.982,0.7986,0.2835,50.0,20.0,0.1965
Tr-no_1056.jpg,0,0.1499,0.1799,0.0324,0.8432,-0.268,2.9636,0.0548,0.2342,0.0,0.4177,0.4177,0.1898,0.0036,0.4641,0.0018,0.9983,0.0189,0.9721,0.9966,0.9045,0.2091,50.0,20.0,0.0665
Tr-no_1078.jpg,0,0.3299,0.2838,0.0805,0.1728,-1.4122,4.1552,0.1893,0.4351,0.0,0.7216,0.7216,0.4054,0.0194,0.6517,0.006,0.9943,0.0447,0.9629,0.989,0.8044,0.3622,50.0,20.0,0.167
Tr-no_11.jpg,0,0.142,0.1513,0.0229,1.2507,2.1572,3.1476,0.043,0.2074,0.0,0.2948,0.2948,0.2713,0.0212,0.5438,0.0054,0.995,0.0349,0.883,0.9904,0.8499,0.427,50.0,13.4722,0.0511
Tr-no_1120.jpg,0,0.3485,0.3218,0.1036,0.4359,-1.5998,3.8874,0.2251,0.4744,0.051,0.8039,0.7529,0.3177,0.015,0.5802,0.0063,0.9945,0.0391,0.9698,0.9896,0.8006,0.3171,50.0,20.0,0.2134
Tr-no_1142.jpg,0,0.1581,0.2092,0.0438,0.7965,-0.8533,2.4774,0.0688,0.2622,0.0,0.4582,0.4582,0.186,0.0088,0.3823,0.0029,0.9973,0.0197,0.9665,0.9947,0.926,0.4195,50.0,20.0,0.0905
Tr-no_1164.jpg,0,0.27,0.269,0.0723,1.0074,0.4208,3.9704,0.1452,0.3811,0.0,0.6588,0.6588,0.3847,0.0129,0.6443,0.0057,0.9947,0.0385,0.9603,0.9898,0.6092,0.2774,50.0,20.0,0.1504
Tr-no_1186.jpg,0,0.2422,0.2569,0.066,1.1436,0.79,3.9955,0.1247,0.3531,0.0,0.5843,0.5843,0.5744,0.0522,0.6087,0.0145,0.9876,0.0628,0.8902,0.9768,0.6348,0.3931,50.0,19.7714,0.1465
Tr-no_1207.jpg,0,0.1453,0.1924,0.037,1.4878,2.675,2.8138,0.0581,0.2411,0.0,0.3647,0.3647,0.3405,0.0362,0.4232,0.0102,0.9917,0.0382,0.8625,0.9848,0.9071,0.3857,50.0,20.0,0.0842
Tr-no_1229.jpg,0,0.1894,0.1697,0.0288,1.2849,1.7918,3.4779,0.0647,0.2544,0.0471,0.4118,0.3647,0.2552,0.0252,0.4865,0.0054,0.995,0.0335,0.9059,0.9905,0.8367,0.4477,50.0,20.0,0.063
Tr-no_1250.jpg,0,0.1975,0.2145,0.046,1.496,2.4729,2.7496,0.085,0.2916,0.0363,0.4274,0.3911,0.2262,0.008,0.4442,0.004,0.9964,0.0222,0.9568,0.9932,0.9125,0.2227,50.0,20.0,0.096
Tr-no_1272.jpg,0,0.2101,0.2731,0.0746,1.2307,0.3379,3.541,0.1187,0.3445,0.0,0.6941,0.6941,0.4606,0.0454,0.4768,0.0107,0.9911,0.0475,0.9285,0.9836,0.7519,0.3821,50.0,20.0,0.1598
Tr-no_1294.jpg,0,0.247,0.3039,0.0923,0.8078,-0.6851,3.1976,0.1533,0.3916,0.0,0.6549,0.6549,0.5175,0.0913,0.4461,0.0228,0.9843,0.0587,0.8763,0.9727,0.8547,0.4281,50.0,20.0,0.2075
Tr-no_1315.jpg,0,0.2235,0.2276,0.0518,1.0224,0.4394,3.7318,0.1017,0.319,0.0,0.5176,0.5176,0.2767,0.0172,0.4703,0.0065,0.9945,0.0297,0.9373,0.9897,0.9058,0.2801,50.0,15.8438,0.1101
Tr-no_1337.jpg,0,0.2955,0.2224,0.0495,0.5358,0.26,4.0657,0.1368,0.3698,0.0039,0.498,0.4941,0.3972,0.0208,0.7459,0.006,0.9945,0.0409,0.9398,0.9894,0.761,0.3324,50.0,18.8105,0.1049
Tr-no_1359.jpg,0,0.2798,0.2779,0.0772,0.84,0.1648,3.7468,0.1555,0.3943,0.0,0.6078,0.6078,0.568,0.0748,0.6056,0.0269,0.9817,0.0675,0.8259,0.9684,0.7605,0.4346,50.0,20.0,0.1813
Tr-no_1380.jpg,0,0.3104,0.1844,0.034,0.0481,-0.239,3.8129,0.1303,0.361,0.0498,0.4796,0.4299,0.2898,0.0059,0.7669,0.0038,0.9964,0.0295,0.9444,0.9929,0.7916,0.2201,50.0,20.0,0.0718
Tr-no_141.jpg,0,0.232,0.2085,0.0435,0.4286,-1.1655,3.3974,0.0973,0.3119,0.0339,0.4831,0.4492,0.2505,0.0139,0.524,0.004,0.9962,0.0283,0.9542,0.9927,0.8776,0.3883,50.0,20.0,0.0909
Tr-no_163.jpg,0,0.2555,0.2173,0.0472,0.6942,-0.103,4.0871,0.1125,0.3354,0.0353,0.5255,0.4902,0.6023,0.094,0.6227,0.0219,0.9815,0.0857,0.7681,0.9655,0.7199,0.5502,50.0,18.7139,0.1163
Tr-no_185.jpg,0,0.4742,0.2243,0.0503,0.0603,-0.6804,4.7275,0.2751,0.5245,0.1451,0.7804,0.6353,0.4016,0.0145,0.9806,0.0051,0.9952,0.0461,0.9497,0.9907,0.6465,0.3259,50.0,20.0,0.1057
Tr-no_206.jpg,0,0.1319,0.1581,0.025,1.3666,2.4453,2.64,0.0424,0.2059,0.0,0.2974,0.2974,0.206,0.0099,0.4533,0.0035,0.9968,0.0213,0.9298,0.994,0.9314,0.3022,50.0,19.8781,0.0535
Tr-no_228.jpg,0,0.2346,0.3492,0.1219,1.2426,-0.0174,2.8697,0.1769,0.4206,0.0039,0.9529,0.949,0.833,0.6626,0.3755,0.0931,0.9408,0.1526,0.6181,0.9013,0.5885,0.6719,50.0,20.0,0.3369
Tr-no_25.jpg,0,0.3859,0.3927,0.1542,0.3328,-1.5925,3.5744,0.3031,0.5506,0.0078,0.9725,0.9647,0.9376,0.2605,0.5354,0.0464,0.9668,0.1091,0.8497,0.9418,0.5902,0.5008,50.0,20.0,0.3547
Tr-no_271.jpg,0,0.1885,0.225,0.0506,1.4551,1.6745,3.5264,0.0862,0.2936,0.0157,0.4784,0.4627,0.2692,0.0166,0.4541,0.0044,0.9959,0.0307,0.9563,0.992,0.8617,0.3627,50.0,20.0,0.1057
Tr-no_293.jpg,0,0.2118,0.1695,0.0287,0.9124,1.1259,3.7488,0.0736,0.2713,0.0157,0.3804,0.3647,0.379,0.0133,0.6864,0.006,0.9943,0.0421,0.8954,0.9889,0.834,0.3262,50.0,13.4329,0.0635
Tr-no_314.jpg,0,0.2101,0.2315,0.0536,1.5332,2.0664,3.0733,0.0978,0.3127,0.0392,0.4941,0.4549,0.3132,0.0202,0.4683,0.0075,0.9935,0.0324,0.9305,0.9878,0.8716,0.3033,50.0,20.0,0.1147
Tr-no_336.jpg,0,0.3736,0.1967,0.0387,-0.4065,-0.6441,4.3275,0.1783,0.4222,0.0431,0.5843,0.5412,0.3378,0.0102,0.8602,0.0032,0.997,0.0355,0.9593,0.994,0.7184,0.3553,50.0,19.3462,0.0806
Tr-no_358.jpg,0,0.3704,0.2992,0.0895,0.0083,-1.5733,4.2052,0.2267,0.4761,0.0,0.7059,0.7059,0.3493,0.006,0.6935,0.0046,0.9956,0.0347,0.9743,0.9915,0.8039,0.1864,50.0,18.8209,0.1836
Tr-no_38.jpg,0,0.3006,0.2739,0.075,0.7804,-0.0928,4.2506,0.1654,0.4067,0.0078,0.6902,0.6824,0.8474,0.2532,0.6708,0.0452,0.9656,0.1246,0.6987,0.9383,0.6639,0.6379,50.0,20.0,0.1952
Tr-no_400.jpg,0,0.2041,0.2336,0.0545,1.539,2.0943,3.0764,0.0962,0.3102,0.0316,0.4901,0.4585,0.3154,0.0206,0.4648,0.0076,0.9934,0.0324,0.9303,0.9876,0.8708,0.3037,50.0,20.0,0.1167
Tr-no_422.jpg,0,0.2582,0.2677,0.0717,0.582,-1.157,3.8592,0.1383,0.3719,0.0,0.6314,0.6314,0.4077,0.0556,0.5097,0.0115,0.9902,0.0549,0.9195,0.9818,0.8229,0.4884,50.0,18.4183,0.1549
Tr-no_444.jpg,0,0.118,0.189,0.0357,1.7178,2.8312,2.4889,0.0497,0.2228,0.0,0.3882,0.3882,0.1963,0.0281,0.3312,0.0051,0.9956,0.0263,0.9284,0.9917,0.8865,0.4917,50.0,20.0,0.0766
Tr-no_466.jpg,0,0.3069,0.3376,0.114,0.6589,-1.0045,3.858,0.2082,0.4562,0.0,0.8392,0.8392,0.969,0.249,0.5462,0.0487,0.9623,0.1283,0.7864,0.9322,0.462,0.56,50.0,20.0,0.2766
Tr-no_488.jpg,0,0.298,0.2635,0.0694,0.7886,0.0717,4.1665,0.1582,0.3978,0.0196,0.6549,0.6353,0.5523,0.0684,0.6541,0.0158,0.9863,0.0685,0.886,0.9742,0.7038,0.4787,50.0,20.0,0.1547
Tr-no_509.jpg,0,0.3704,0.2993,0.0896,0.0091,-1.5737,4.2091,0.2268,0.4762,0.0,0.7059,0.7059,0.3542,0.0066,0.6933,0.0047,0.9955,0.0357,0.9737,0.9913,0.8027,0.198,50.0,18.7269,0.1838
Tr-no_530.jpg,0,0.1885,0.2249,0.0506,1.4556,1.6741,3.5209,0.0861,0.2934,0.0157,0.4784,0.4627,0.2672,0.0157,0.4541,0.0043,0.996,0.0302,0.9572,0.9922,0.8627,0.3554,50.0,20.0,0.1055
Tr-no_552.jpg,0,0.2077,0.2356,0.0555,1.6268,2.3034,3.1319,0.0987,0.3141,0.0392,0.4882,0.449,0.3599,0.0646,0.4631,0.0142,0.9886,0.0469,0.8724,0.9792,0.8492,0.4522,50.0,20.0,0.1252
Tr-no_574.jpg,0,0.2333,0.3469,0.1203,1.2504,0.0253,2.8615,0.1747,0.418,0.0039,0.949,0.9451,0.8077,0.606,0.3773,0.087,0.9444,0.1445,0.6382,0.907,0.5961,0.6599,50.0,20.0,0.3277
Tr-no_596.jpg,0,0.2624,0.3247,0.1054,0.7219,-0.9641,3.0676,0.1743,0.4174,0.0,0.7216,0.7216,0.4213,0.0562,0.4321,0.0139,0.9895,0.0439,0.9338,0.9812,0.8597,0.3704,50.0,20.0,0.2248
Tr-no_617.jpg,0,0.2003,0.2115,0.0447,1.2427,1.2097,3.6232,0.0849,0.2913,0.0277,0.4783,0.4506,0.2852,0.017,0.4877,0.0051,0.9953,0.031,0.9427,0.9909,0.8037,0.3329,50.0,20.0,0.0946
Tr-no_639.jpg,0,0.1667,0.1912,0.0365,1.0962,-0.2444,3.1375,0.0643,0.2536,0.0289,0.474,0.4451,0.1179,0.0011,0.3625,0.0007,0.9993,0.012,0.9901,0.9986,0.9275,0.1546,50.0,20.0,0.0738
Tr-no_660.jpg,0,0.3073,0.2717,0.0738,0.7632,-0.2074,4.1325,0.1682,0.4101,0.0,0.7714,0.7714,0.4822,0.0148,0.7108,0.0082,0.9924,0.0462,0.9444,0.9853,0.7132,0.2209,50.0,20.0,0.1558
Tr-no_682.jpg,0,0.3373,0.3227,0.1041,0.6077,-1.3255,3.2778,0.2179,0.4668,0.0658,0.7901,0.7243,0.3068,0.0147,0.573,0.0058,0.9948,0.0312,0.9721,0.9901,0.8736,0.2584,50.0,20.0,0.2141
Tr-no_703.jpg,0,0.2199,0.1756,0.0308,0.918,1.1435,3.824,0.0792,0.2815,0.0163,0.3943,0.378,0.3982,0.0149,0.693,0.0065,0.9938,0.0446,0.8938,0.988,0.8259,0.333,50.0,13.7438,0.0682
Tr-no_725.jpg,0,0.1898,0.2287,0.0523,1.0417,0.5783,3.0268,0.0883,0.2972,0.0,0.4667,0.4667,0.2774,0.0204,0.4666,0.0062,0.9945,0.0305,0.9405,0.9896,0.8843,0.3512,50.0,20.0,0.1108
Tr-no_747.jpg,0,0.1839,0.1955,0.0382,0.7466,-0.9413,3.4179,0.072,0.2684,0.0,0.4863,0.4863,0.1909,0.0113,0.5916,0.0033,0.9969,0.0243,0.9569,0.9941,0.9132,0.3832,50.0,9.6667,0.0798
Tr-no_769.jpg,0,0.2954,0.2583,0.0667,0.717,-0.1854,4.355,0.154,0.3924,0.0196,0.6392,0.6196,0.6996,0.1131,0.6606,0.0242,0.9796,0.093,0.8188,0.9619,0.6048,0.5196,50.0,19.698,0.1576
Tr-no_790.jpg,0,0.1997,0.1889,0.0357,1.3583,2.4476,3.264,0.0756,0.2749,0.0471,0.4,0.3529,0.2563,0.0121,0.4948,0.0054,0.9953,0.0287,0.9245,0.9911,0.8114,0.2945,50.0,20.0,0.0768
Tr-no_811.jpg,0,0.275,0.3131,0.098,0.8,-0.4954,3.4936,0.1737,0.4167,0.0,0.7176,0.7176,0.5827,0.0756,0.5181,0.0205,0.9832,0.0687,0.8953,0.9691,0.659,0.3971,50.0,20.0,0.2166
Tr-no_833.jpg,0,0.1771,0.1835,0.0337,1.7243,3.7335,3.6279,0.065,0.255,0.0118,0.3882,0.3765,0.4439,0.0612,0.6136,0.0123,0.989,0.0597,0.8167,0.9791,0.7811,0.5438,50.0,15.6695,0.0797
Tr-no_855.jpg,0,0.285,0.2139,0.0458,0.6229,-0.1418,4.1957,0.127,0.3564,0.0392,0.5882,0.549,0.3301,0.0058,0.7337,0.0037,0.9964,0.034,0.9596,0.993,0.723,0.2398,50.0,20.0,0.0952
Tr-no_877.jpg,0,0.2542,0.2151,0.0463,0.7257,-0.0948,3.3933,0.1109,0.333,0.051,0.502,0.451,0.2701,0.0082,0.5661,0.004,0.9963,0.0285,0.9569,0.9927,0.7971,0.2408,50.0,20.0,0.0965
Tr-no_899.jpg,0,0.2442,0.1894,0.0359,0.189,-1.2589,4.007,0.0955,0.3091,0.0154,0.4974,0.4821,0.2322,0.0032,0.6824,0.0017,0.9984,0.0234,0.9766,0.9967,0.7923,0.213,50.0,14.7512,0.0734
Tr-no_92.jpg,0,0.3052,0.2698,0.0728,0.9293,0.2042,3.9626,0.1659,0.4073,0.0392,0.698,0.6588,0.4456,0.0283,0.6392,0.0108,0.9905,0.0499,0.9257,0.9822,0.686,0.3342,50.0,20.0,0.1564
Tr-no_941.jpg,0,0.1649,0.3019,0.0911,1.6891,1.4281,2.3761,0.1183,0.344,0.0,0.7098,0.7098,0.6308,0.4777,0.2761,0.0611,0.9598,0.1088,0.6649,0.9319,0.6733,0.6635,50.0,20.0,0.2433
Tr-no_963.jpg,0,0.2713,0.2279,0.0519,0.7561,0.1197,4.1523,0.1255,0.3543,0.0314,0.5647,0.5333,0.4087,0.0277,0.6487,0.0082,0.9927,0.0434,0.921,0.9861,0.8305,0.3584,50.0,20.0,0.1121
Tr-no_985.jpg,0,0.2174,0.2045,0.0418,1.1647,1.5183,3.6884,0.0891,0.2985,0.0316,0.4625,0.4308,0.2233,0.0058,0.562,0.0025,0.9976,0.0229,0.9705,0.9954,0.84,0.2504,50.0,20.0,0.0861
Tr-pi_1005.jpg,1,0.2183,0.1376,0.0189,0.6562,1.1801,3.8874,0.0666,0.258,0.0325,0.3659,0.3333,0.2828,0.0082,0.7915,0.0024,0.9977,0.028,0.9364,0.9954,0.7868,0.2822,50.0,12.7386,0.0403
Tr-pi_1027.jpg,1,0.2225,0.1527,0.0233,0.8523,2.2571,3.8069,0.0728,0.2699,0.0159,0.3745,0.3586,0.2608,0.0059,0.7729,0.0026,0.9975,0.0244,0.9438,0.9952,0.7442,0.2196,50.0,12.5116,0.0493
Tr-pi_1049.jpg,1,0.3683,0.198,0.0392,0.3448,0.0537,4.4722,0.1749,0.4182,0.0902,0.6039,0.5137,0.3668,0.0202,0.9582,0.0074,0.9932,0.0485,0.9061,0.9868,0.7159,0.3576,50.0,12.5038,0.0858
Tr-pi_1070.jpg,1,0.2229,0.1569,0.0246,0.3522,-0.1689,3.8208,0.0743,0.2725,0.017,0.4,0.383,0.256,0.0092,0.7293,0.0028,0.9973,0.0277,0.9434,0.9948,0.6952,0.3075,50.0,16.3851,0.052
Tr-pi_1092.jpg,1,0.1912,0.2009,0.0404,1.0031,0.2695,3.5944,0.0769,0.2773,0.0122,0.5,0.4878,0.2742,0.0103,0.5026,0.0035,0.9966,0.0294,0.9565,0.9934,0.8351,0.2759,50.0,20.0,0.0842
Tr-pi_1113.jpg,1,0.1756,0.1589,0.0253,0.7516,0.5238,3.2881,0.0561,0.2369,0.0082,0.3592,0.351,0.2025,0.0043,0.6031,0.0017,0.9983,0.0188,0.9656,0.9967,0.8084,0.2242,50.0,19.9669,0.0522
Tr-pi_1135.jpg,1,0.1662,0.1836,0.0337,1.0054,0.6319,3.1447,0.0613,0.2476,0.0,0.3586,0.3586,0.2128,0.0109,0.4949,0.003,0.9972,0.023,0.9561,0.9946,0.8587,0.3244,50.0,19.5369,0.0704
Tr-pi_1157.jpg,1,0.1957,0.1514,0.0229,1.1247,2.0527,3.8232,0.0612,0.2475,0.0204,0.3551,0.3347,0.2792,0.0086,0.7167,0.0028,0.9973,0.0285,0.939,0.9948,0.7564,0.2727,50.0,13.1965,0.0487
Tr-pi_1179.jpg,1,0.2025,0.1832,0.0335,1.0154,0.8645,3.8144,0.0746,0.273,0.0281,0.4217,0.3936,0.2486,0.0065,0.5893,0.0026,0.9974,0.0276,0.9605,0.995,0.8485,0.244,50.0,20.0,0.0697
Tr-pi_120.jpg,1,0.2718,0.2029,0.0412,0.4988,-0.2407,4.0994,0.1151,0.3392,0.0121,0.5628,0.5506,0.337,0.0123,0.7369,0.0043,0.9959,0.0383,0.9483,0.9919,0.7944,0.3212,50.0,20.0,0.0866
Tr-pi_1221.jpg,1,0.1999,0.155,0.024,1.0346,1.582,3.8572,0.064,0.2529,0.0242,0.371,0.3468,0.2562,0.0076,0.7015,0.0025,0.9976,0.0256,0.9482,0.9954,0.7298,0.26,50.0,13.3789,0.0505
Tr-pi_1243.jpg,1,0.2066,0.1366,0.0187,0.7305,1.0486,3.8157,0.0613,0.2477,0.0269,0.3632,0.3363,0.2505,0.0062,0.7767,0.0023,0.9979,0.0248,0.9391,0.9958,0.7783,0.2699,50.0,11.2695,0.0396
Tr-pi_1265.jpg,1,0.1386,0.1575,0.0248,0.8845,-0.2058,3.0124,0.044,0.2098,0.0,0.3725,0.3725,0.1827,0.0061,0.4756,0.002,0.9981,0.0199,0.9604,0.9962,0.872,0.3041,50.0,17.4618,0.0516
Tr-pi_1287.jpg,1,0.1371,0.0998,0.01,0.5607,-0.1536,3.2145,0.0288,0.1696,0.0306,0.262,0.2314,0.156,0.0035,0.57,0.001,0.999,0.0177,0.9491,0.998,0.9196,0.3181,50.0,10.778,0.0209
Tr-pi_1308.jpg,1,0.2159,0.174,0.0303,1.0639,2.0595,3.8804,0.0769,0.2773,0.0119,0.3968,0.3849,0.2752,0.0057,0.7043,0.0024,0.9977,0.0249,0.96,0.9954,0.7772,0.2121,50.0,13.2351,0.0629
Tr-pi_133.jpg,1,0.1434,0.1555,0.0242,0.9055,0.5926,2.8885,0.0448,0.2115,0.0,0.3128,0.3128,0.1719,0.0066,0.5061,0.0023,0.9979,0.0182,0.9533,0.9959,0.874,0.3004,50.0,20.0,0.0506
Tr-pi_1351.jpg,1,0.1941,0.1684,0.0284,0.9357,1.3165,3.6805,0.066,0.257,0.012,0.3855,0.3735,0.2327,0.006,0.6415,0.0021,0.998,0.0224,0.9626,0.996,0.752,0.2449,50.0,15.7743,0.0588
Tr-pi_1373.jpg,1,0.1928,0.1374,0.0189,1.1371,2.9043,3.7539,0.056,0.2367,0.0258,0.3133,0.2876,0.2483,0.0074,0.7447,0.0024,0.9978,0.0252,0.9366,0.9956,0.7731,0.2823,50.0,11.1144,0.0402
Tr-pi_1395.jpg,1,0.1919,0.159,0.0253,0.6153,-0.158,3.6866,0.0621,0.2492,0.0277,0.3834,0.3557,0.258,0.0083,0.5948,0.0029,0.9972,0.0291,0.9436,0.9946,0.8608,0.2876,50.0,20.0,0.0534
Tr-pi_156.jpg,1,0.1753,0.1569,0.0246,0.8027,0.4546,3.4042,0.0554,0.2353,0.0169,0.3418,0.3249,0.2219,0.0071,0.5632,0.0026,0.9975,0.0252,0.948,0.9951,0.8954,0.2871,50.0,15.9689,0.0518
Tr-pi_178.jpg,1,0.2241,0.1573,0.0247,0.4989,0.0764,3.9358,0.0749,0.2738,0.029,0.4232,0.3942,0.2803,0.0091,0.7242,0.0031,0.9969,0.0315,0.9364,0.994,0.8738,0.285,50.0,17.5811,0.0526
Tr-pi_2.jpg,1,0.1997,0.1687,0.0285,1.0837,1.7588,3.6944,0.0684,0.2615,0.0199,0.3625,0.3426,0.2713,0.008,0.6466,0.003,0.9972,0.0275,0.9479,0.9945,0.745,0.2453,50.0,18.4297,0.0599
Tr-pi_220.jpg,1,0.1224,0.1617,0.0261,1.4462,1.5693,2.8391,0.0411,0.2028,0.0,0.3347,0.3347,0.1806,0.0067,0.3783,0.0024,0.9977,0.0197,0.9533,0.9955,0.8955,0.2971,50.0,16.5922,0.0547
Tr-pi_242.jpg,1,0.1798,0.1855,0.0344,0.7248,-0.209,3.2843,0.0667,0.2583,0.0,0.4017,0.4017,0.2074,0.0073,0.5224,0.0024,0.9977,0.0226,0.9657,0.9955,0.8866,0.2881,50.0,18.6195,0.0712
Tr-pi_264.jpg,1,0.2121,0.1785,0.0319,0.7703,0.207,3.7801,0.0768,0.2772,0.028,0.432,0.404,0.2616,0.0084,0.6091,0.0029,0.9972,0.0296,0.9544,0.9944,0.8603,0.268,50.0,20.0,0.0666
Tr-pi_286.jpg,1,0.2618,0.1869,0.0349,1.2203,1.3402,4.0711,0.1035,0.3217,0.0361,0.5422,0.506,0.284,0.0076,0.8421,0.0051,0.9952,0.0344,0.9264,0.9908,0.7969,0.2588,50.0,14.7436,0.075
Tr-pi_307.jpg,1,0.2132,0.1791,0.0321,0.7431,0.661,3.6797,0.0776,0.2785,0.0157,0.3843,0.3686,0.231,0.0054,0.6414,0.0022,0.9979,0.0216,0.9658,0.9959,0.7843,0.222,50.0,19.9172,0.0664
Tr-pi_329.jpg,1,0.1957,0.1857,0.0345,0.8873,0.2291,3.6289,0.0728,0.2698,0.0161,0.4556,0.4395,0.2656,0.01,0.5628,0.0033,0.9968,0.029,0.9526,0.9938,0.8415,0.2834,50.0,19.0316,0.0723
Tr-pi_350.jpg,1,0.1849,0.1292,0.0167,0.1903,-0.0814,3.3719,0.0509,0.2256,0.0084,0.3305,0.3222,0.2032,0.0063,0.7128,0.0021,0.9979,0.0228,0.9357,0.996,0.8346,0.3119,50.0,12.5824,0.0355
Tr-pi_372.jpg,1,0.1635,0.1679,0.0282,0.7967,-0.1586,3.4335,0.0549,0.2343,0.0,0.3828,0.3828,0.2368,0.0089,0.5233,0.0028,0.9972,0.0266,0.9495,0.9946,0.8258,0.3214,50.0,13.5824,0.0592
Tr-pi_394.jpg,1,0.1411,0.1457,0.0212,1.168,1.2454,2.9499,0.0411,0.2028,0.0083,0.3017,0.2934,0.1912,0.0055,0.5107,0.0021,0.998,0.0211,0.9514,0.996,0.8887,0.2656,50.0,17.153,0.0445
Tr-pi_415.jpg,1,0.2165,0.1524,0.0232,0.1906,-0.561,3.7767,0.0701,0.2648,0.0198,0.3834,0.3636,0.273,0.0093,0.6911,0.0025,0.9975,0.0309,0.9453,0.9951,0.882,0.339,50.0,16.9531,0.049
Tr-pi_437.jpg,1,0.1482,0.1632,0.0266,0.9575,0.6475,2.9245,0.0486,0.2205,0.0,0.3186,0.3186,0.1867,0.0064,0.5016,0.0024,0.9977,0.02,0.9551,0.9955,0.8683,0.2757,50.0,20.0,0.0556
Tr-pi_459.jpg,1,0.2371,0.1678,0.0282,0.9367,1.8222,3.9822,0.0844,0.2905,0.0196,0.4078,0.3882,0.2552,0.0051,0.7791,0.0022,0.9979,0.0241,0.9607,0.9958,0.7578,0.2236,50.0,14.5987,0.0585
Tr-pi_480.jpg,1,0.3091,0.1932,0.0373,-0.137,-1.2104,4.2015,0.1329,0.3646,0.0407,0.5285,0.4878,0.2799,0.011,0.8449,0.0032,0.997,0.0329,0.9576,0.994,0.8675,0.3411,50.0,10.4175,0.0778
Tr-pi_501.jpg,1,0.2106,0.1757,0.0309,0.5427,-0.1985,3.6462,0.0752,0.2743,0.0082,0.4239,0.4156,0.2485,0.0079,0.6448,0.0029,0.9972,0.0278,0.9529,0.9945,0.8154,0.2968,50.0,20.0,0.0646
Tr-pi_523.jpg,1,0.2202,0.1688,0.0285,0.8712,1.0483,3.9593,0.077,0.2775,0.0278,0.3849,0.3571,0.2574,0.0066,0.7076,0.0025,0.9976,0.026,0.9559,0.9953,0.7317,0.2504,50.0,16.0451,0.0595
Tr-pi_545.jpg,1,0.1627,0.1203,0.0145,1.1407,2.3488,3.609,0.041,0.2024,0.0263,0.2851,0.2588,0.2234,0.0059,0.6838,0.0017,0.9984,0.023,0.9426,0.9968,0.791,0.2876,50.0,10.0313,0.0306
Tr-pi_567.jpg,1,0.2404,0.164,0.0269,0.5325,0.8101,3.869,0.0847,0.291,0.012,0.4223,0.4104,0.2249,0.004,0.776,0.0018,0.9983,0.021,0.9667,0.9966,0.7596,0.2205,50.0,15.466,0.0556
Tr-pi_589.jpg,1,0.2384,0.147,0.0216,0.4968,0.8049,3.8705,0.0785,0.2801,0.0281,0.4056,0.3775,0.3204,0.0127,0.8095,0.0029,0.9972,0.0331,0.9336,0.9945,0.7329,0.3432,50.0,13.4823,0.0461
Tr-pi_61.jpg,1,0.2238,0.1786,0.0319,0.6349,0.1049,3.8931,0.082,0.2863,0.0236,0.4409,0.4173,0.2806,0.0095,0.6534,0.0034,0.9967,0.0314,0.9469,0.9936,0.8168,0.27,50.0,20.0,0.0672
Tr-pi_631.jpg,1,0.1736,0.1661,0.0276,0.9626,0.543,3.3971,0.0577,0.2402,0.0119,0.4048,0.3929,0.2266,0.0073,0.565,0.0023,0.9977,0.0244,0.9575,0.9955,0.8643,0.2811,50.0,17.3824,0.0575
Tr-pi_653.jpg,1,0.2451,0.1538,0.0237,0.3615,0.6097,3.9223,0.0837,0.2894,0.0197,0.4016,0.3819,0.2333,0.0045,0.7917,0.0018,0.9983,0.022,0.9616,0.9966,0.6673,0.2281,50.0,14.2202,0.0491
Tr-pi_675.jpg,1,0.215,0.189,0.0357,0.6333,-0.1681,3.7728,0.0819,0.2862,0.0159,0.4462,0.4303,0.2538,0.0089,0.5905,0.0033,0.9968,0.0286,0.9539,0.9938,0.8463,0.2866,50.0,19.023,0.0747
Tr-pi_697.jpg,1,0.1855,0.1477,0.0218,1.3302,2.7315,3.8085,0.0562,0.2371,0.0319,0.3466,0.3147,0.273,0.0085,0.6712,0.0027,0.9974,0.029,0.9382,0.9949,0.7588,0.278,50.0,12.9462,0.0463
Tr-pi_718.jpg,1,0.1923,0.1586,0.0251,0.8679,0.6847,3.7914,0.0621,0.2492,0.0281,0.3855,0.3574,0.2602,0.0101,0.6338,0.0031,0.997,0.0288,0.9384,0.9942,0.8271,0.3014,50.0,19.7249,0.0534
Tr-pi_74.jpg,1,0.2152,0.1693,0.0287,0.4355,-0.3258,3.7385,0.075,0.2739,0.0127,0.4051,0.3924,0.2584,0.0109,0.642,0.0035,0.9967,0.0295,0.9398,0.9935,0.8515,0.326,50.0,15.5217,0.0608
Tr-pi_761.jpg,1,0.1603,0.1729,0.0299,0.7336,-0.4426,3.0786,0.0556,0.2358,0.0,0.3875,0.3875,0.2079,0.0082,0.4958,0.0026,0.9975,0.0235,0.9569,0.9951,0.8672,0.3207,50.0,20.0,0.0624
Tr-pi_783.jpg,1,0.223,0.1758,0.0309,0.5785,-0.2417,4.0398,0.0806,0.284,0.0169,0.4641,0.4473,0.2688,0.01,0.6784,0.0033,0.9968,0.0307,0.9462,0.9938,0.8524,0.3093,50.0,12.661,0.0651
Tr-pi_804.jpg,1,0.2048,0.1592,0.0253,1.0354,1.6654,3.8689,0.0673,0.2594,0.0244,0.374,0.3496,0.2519,0.0078,0.706,0.0025,0.9976,0.0249,0.9504,0.9954,0.7285,0.2624,50.0,13.4191,0.0532
Tr-pi_826.jpg,1,0.1712,0.1636,0.0268,0.9542,0.6214,3.4606,0.0561,0.2368,0.0122,0.3837,0.3714,0.226,0.0078,0.5428,0.0025,0.9976,0.025,0.9535,0.9952,0.8605,0.2901,50.0,16.5349,0.056
Tr-pi_848.jpg,1,0.1473,0.1722,0.0297,1.1618,1.4434,2.7908,0.0514,0.2266,0.0,0.321,0.321,0.1705,0.0069,0.4719,0.0023,0.9978,0.0177,0.9608,0.9957,0.9017,0.278,50.0,20.0,0.0616
Tr-pi_87.jpg,1,0.213,0.166,0.0276,0.5367,-0.2807,3.7229,0.0729,0.2701,0.0162,0.4615,0.4453,0.2441,0.0073,0.6872,0.0024,0.9976,0.0274,0.9558,0.9953,0.8595,0.2881,50.0,15.6801,0.0576
Tr-pi_891.jpg,1,0.1712,0.1893,0.0358,0.9492,0.3379,3.138,0.0652,0.2552,0.0,0.3793,0.3793,0.2174,0.0103,0.4898,0.0031,0.9971,0.0235,0.9573,0.9944,0.8528,0.3128,50.0,20.0,0.0747
Tr-pi_912.jpg,1,0.1949,0.1482,0.022,0.265,-0.7322,3.5677,0.0599,0.2448,0.013,0.355,0.342,0.2053,0.0067,0.6309,0.0021,0.9979,0.0241,0.9516,0.9959,0.874,0.3353,50.0,13.4303,0.046
Tr-pi_934.jpg,1,0.2459,0.1541,0.0238,0.3415,0.5302,3.9547,0.0842,0.2902,0.0198,0.4032,0.3834,0.233,0.0044,0.7909,0.0018,0.9983,0.0218,0.9627,0.9967,0.6671,0.2285,50.0,14.2489,0.0493
Tr-pi_956.jpg,1,0.1781,0.1243,0.0154,1.0027,3.0445,3.645,0.0471,0.2171,0.0119,0.3095,0.2976,0.2253,0.0042,0.7484,0.0018,0.9983,0.0211,0.9414,0.9967,0.7911,0.2307,50.0,8.7828,0.0327
Tr-pi_978.jpg,1,0.2401,0.1879,0.0353,0.4812,-0.4516,3.8997,0.093,0.3049,0.0172,0.515,0.4979,0.2767,0.0089,0.6839,0.003,0.9971,0.0306,0.9572,0.9942,0.8314,0.2862,50.0,16.985,0.0736
